EM_vs_lat_total,F1_vs_lat_total,ROUGE_vs_lat_total,EM_vs_tokens,F1_vs_tokens,ROUGE_vs_tokens,ROUGE_vs_groundedness,ROUGE_vs_retrievalsup,Halluc_vs_fact
-0.09475241050478568,-0.20361599413827194,-0.18778049147019069,-0.09661087122999358,-0.2133831160106715,-0.19206545556937715,0.1441264929351794,0.4340063513971039,-1.0
